Workbook

Sheet How to use
B2: Rose Kelley Scholarship — Reading Season Workbook
B3: Two readers, one published rubric, every applicant scored the same way.
A5: 1. | B5: Export the applications: on the scholarship computer, run node tools/export-applications.js
A6: 2. | B6: Open the Applications tab, click cell A1 (the header row — the CSV brings its own), then File → Import → Upload the applications CSV → 'Replace data at selected cell'. The first applicant must land in row 2; if you ever see two header rows, delete the extra one.
A7: 3. | B7: Rose scores every applicant on the 'Scoring - Rose' tab; Ali scores on 'Scoring - Ali'. One row per applicant, scores are whole numbers 1-5 (the tabs enforce this). Score independently - do not discuss until both tabs are complete.
A8: 4. | B8: The Results tab fills itself in: it totals both readers per applicant and ranks them. Highest combined score receives the award.
A9: 5. | B9: Ties break by the 'What $1,000 changes' score, then a joint re-read (same as published on the site).
A10: 6. | B10: A reader with any personal connection to an applicant skips those rows and a replacement reader scores them instead.
A11: 7. | B11: When the cycle ends: delete this workbook, the CSVs, and the database (delete-cycle-data.sh) — the privacy policy promises it.
B13: The rubric (1–5 points each, per reader)
B14: • A path of your own — clarity and genuine interest in what they want to study, build, or become. Not ambition for its own sake.
B15: • Steps already taken — anything done to move toward the path: classes, projects, jobs, self-teaching, caregiving, advocacy.
B16: • What $1,000 changes — how concretely the award helps. Specific and honest beats dramatic.
B17: ⚠ Writing style is NOT scored. Spelling, grammar, and polish earn zero points — substance does. Video/audio links score with the identical rubric.

Sheet Applications
A1: ID | B1: Submitted | C1: Name | D1: Email | E1: School / program | F1: Where they are | G1: Essay

Sheet Scoring - Rose
A1: ID | B1: Applicant | C1: A path of your own (1–5) | D1: Steps already taken (1–5) | E1: What $1,000 changes (1–5) | F1: Total | G1: Notes
A2: =IF(OR(Applications!A2="",Applications!A2="ID"),"",Applications!A2) | B2: =IF(OR(Applications!A2="",Applications!A2="ID"),"",Applications!C2) | F2: =IF(COUNT(C2:E2)=0,"",SUM(C2:E2))
A3: =IF(OR(Applications!A3="",Applications!A3="ID"),"",Applications!A3) | B3: =IF(OR(Applications!A3="",Applications!A3="ID"),"",Applications!C3) | F3: =IF(COUNT(C3:E3)=0,"",SUM(C3:E3))
A4: =IF(OR(Applications!A4="",Applications!A4="ID"),"",Applications!A4) | B4: =IF(OR(Applications!A4="",Applications!A4="ID"),"",Applications!C4) | F4: =IF(COUNT(C4:E4)=0,"",SUM(C4:E4))
A5: =IF(OR(Applications!A5="",Applications!A5="ID"),"",Applications!A5) | B5: =IF(OR(Applications!A5="",Applications!A5="ID"),"",Applications!C5) | F5: =IF(COUNT(C5:E5)=0,"",SUM(C5:E5))
A6: =IF(OR(Applications!A6="",Applications!A6="ID"),"",Applications!A6) | B6: =IF(OR(Applications!A6="",Applications!A6="ID"),"",Applications!C6) | F6: =IF(COUNT(C6:E6)=0,"",SUM(C6:E6))
A7: =IF(OR(Applications!A7="",Applications!A7="ID"),"",Applications!A7) | B7: =IF(OR(Applications!A7="",Applications!A7="ID"),"",Applications!C7) | F7: =IF(COUNT(C7:E7)=0,"",SUM(C7:E7))
A8: =IF(OR(Applications!A8="",Applications!A8="ID"),"",Applications!A8) | B8: =IF(OR(Applications!A8="",Applications!A8="ID"),"",Applications!C8) | F8: =IF(COUNT(C8:E8)=0,"",SUM(C8:E8))
A9: =IF(OR(Applications!A9="",Applications!A9="ID"),"",Applications!A9) | B9: =IF(OR(Applications!A9="",Applications!A9="ID"),"",Applications!C9) | F9: =IF(COUNT(C9:E9)=0,"",SUM(C9:E9))
A10: =IF(OR(Applications!A10="",Applications!A10="ID"),"",Applications!A10) | B10: =IF(OR(Applications!A10="",Applications!A10="ID"),"",Applications!C10) | F10: =IF(COUNT(C10:E10)=0,"",SUM(C10:E10))
A11: =IF(OR(Applications!A11="",Applications!A11="ID"),"",Applications!A11) | B11: =IF(OR(Applications!A11="",Applications!A11="ID"),"",Applications!C11) | F11: =IF(COUNT(C11:E11)=0,"",SUM(C11:E11))
A12: =IF(OR(Applications!A12="",Applications!A12="ID"),"",Applications!A12) | B12: =IF(OR(Applications!A12="",Applications!A12="ID"),"",Applications!C12) | F12: =IF(COUNT(C12:E12)=0,"",SUM(C12:E12))
A13: =IF(OR(Applications!A13="",Applications!A13="ID"),"",Applications!A13) | B13: =IF(OR(Applications!A13="",Applications!A13="ID"),"",Applications!C13) | F13: =IF(COUNT(C13:E13)=0,"",SUM(C13:E13))
... A201: =IF(OR(Applications!A201="",Applications!A201="ID"),"",Applications!A201) | B201: =IF(OR(Applications!A201="",Applications!A201="ID"),"",Applications!C201) | F201: =IF(COUNT(C201:E201)=0,"",SUM(C201:E201))

Sheet Scoring - Ali
A1: ID | B1: Applicant | C1: A path of your own (1–5) | D1: Steps already taken (1–5) | E1: What $1,000 changes (1–5) | F1: Total | G1: Notes
A2: =IF(OR(Applications!A2="",Applications!A2="ID"),"",Applications!A2) | B2: =IF(OR(Applications!A2="",Applications!A2="ID"),"",Applications!C2) | F2: =IF(COUNT(C2:E2)=0,"",SUM(C2:E2))
A3: =IF(OR(Applications!A3="",Applications!A3="ID"),"",Applications!A3) | B3: =IF(OR(Applications!A3="",Applications!A3="ID"),"",Applications!C3) | F3: =IF(COUNT(C3:E3)=0,"",SUM(C3:E3))
A4: =IF(OR(Applications!A4="",Applications!A4="ID"),"",Applications!A4) | B4: =IF(OR(Applications!A4="",Applications!A4="ID"),"",Applications!C4) | F4: =IF(COUNT(C4:E4)=0,"",SUM(C4:E4))
A5: =IF(OR(Applications!A5="",Applications!A5="ID"),"",Applications!A5) | B5: =IF(OR(Applications!A5="",Applications!A5="ID"),"",Applications!C5) | F5: =IF(COUNT(C5:E5)=0,"",SUM(C5:E5))
A6: =IF(OR(Applications!A6="",Applications!A6="ID"),"",Applications!A6) | B6: =IF(OR(Applications!A6="",Applications!A6="ID"),"",Applications!C6) | F6: =IF(COUNT(C6:E6)=0,"",SUM(C6:E6))
A7: =IF(OR(Applications!A7="",Applications!A7="ID"),"",Applications!A7) | B7: =IF(OR(Applications!A7="",Applications!A7="ID"),"",Applications!C7) | F7: =IF(COUNT(C7:E7)=0,"",SUM(C7:E7))
A8: =IF(OR(Applications!A8="",Applications!A8="ID"),"",Applications!A8) | B8: =IF(OR(Applications!A8="",Applications!A8="ID"),"",Applications!C8) | F8: =IF(COUNT(C8:E8)=0,"",SUM(C8:E8))
A9: =IF(OR(Applications!A9="",Applications!A9="ID"),"",Applications!A9) | B9: =IF(OR(Applications!A9="",Applications!A9="ID"),"",Applications!C9) | F9: =IF(COUNT(C9:E9)=0,"",SUM(C9:E9))
A10: =IF(OR(Applications!A10="",Applications!A10="ID"),"",Applications!A10) | B10: =IF(OR(Applications!A10="",Applications!A10="ID"),"",Applications!C10) | F10: =IF(COUNT(C10:E10)=0,"",SUM(C10:E10))
A11: =IF(OR(Applications!A11="",Applications!A11="ID"),"",Applications!A11) | B11: =IF(OR(Applications!A11="",Applications!A11="ID"),"",Applications!C11) | F11: =IF(COUNT(C11:E11)=0,"",SUM(C11:E11))
A12: =IF(OR(Applications!A12="",Applications!A12="ID"),"",Applications!A12) | B12: =IF(OR(Applications!A12="",Applications!A12="ID"),"",Applications!C12) | F12: =IF(COUNT(C12:E12)=0,"",SUM(C12:E12))
A13: =IF(OR(Applications!A13="",Applications!A13="ID"),"",Applications!A13) | B13: =IF(OR(Applications!A13="",Applications!A13="ID"),"",Applications!C13) | F13: =IF(COUNT(C13:E13)=0,"",SUM(C13:E13))
... A201: =IF(OR(Applications!A201="",Applications!A201="ID"),"",Applications!A201) | B201: =IF(OR(Applications!A201="",Applications!A201="ID"),"",Applications!C201) | F201: =IF(COUNT(C201:E201)=0,"",SUM(C201:E201))

Sheet Results
A1: ID | B1: Applicant | C1: Rose total | D1: Ali total | E1: Combined | F1: Tie-break: 'What $1,000 changes' combined | G1: Rank
A2: =IF(OR(Applications!A2="",Applications!A2="ID"),"",Applications!A2) | B2: =IF(OR(Applications!A2="",Applications!A2="ID"),"",Applications!C2) | C2: =IF(OR(Applications!A2="",Applications!A2="ID"),"",'Scoring - Rose'!F2) | D2: =IF(OR(Applications!A2="",Applications!A2="ID"),"",'Scoring - Ali'!F2) | E2: =IF(OR(Applications!A2="",Applications!A2="ID"),"",IF(COUNT(C2:D2)=0,"",SUM(C2:D2))) | F2: =IF(OR(Applications!A2="",Applications!A2="ID"),"",SUM('Scoring - Rose'!E2,'Scoring - Ali'!E2)) | G2: =IF(OR(OR(Applications!A2="",Applications!A2="ID"),E2=""),"",RANK(E2,$E$2:$E$201))
A3: =IF(OR(Applications!A3="",Applications!A3="ID"),"",Applications!A3) | B3: =IF(OR(Applications!A3="",Applications!A3="ID"),"",Applications!C3) | C3: =IF(OR(Applications!A3="",Applications!A3="ID"),"",'Scoring - Rose'!F3) | D3: =IF(OR(Applications!A3="",Applications!A3="ID"),"",'Scoring - Ali'!F3) | E3: =IF(OR(Applications!A3="",Applications!A3="ID"),"",IF(COUNT(C3:D3)=0,"",SUM(C3:D3))) | F3: =IF(OR(Applications!A3="",Applications!A3="ID"),"",SUM('Scoring - Rose'!E3,'Scoring - Ali'!E3)) | G3: =IF(OR(OR(Applications!A3="",Applications!A3="ID"),E3=""),"",RANK(E3,$E$2:$E$201))
A4: =IF(OR(Applications!A4="",Applications!A4="ID"),"",Applications!A4) | B4: =IF(OR(Applications!A4="",Applications!A4="ID"),"",Applications!C4) | C4: =IF(OR(Applications!A4="",Applications!A4="ID"),"",'Scoring - Rose'!F4) | D4: =IF(OR(Applications!A4="",Applications!A4="ID"),"",'Scoring - Ali'!F4) | E4: =IF(OR(Applications!A4="",Applications!A4="ID"),"",IF(COUNT(C4:D4)=0,"",SUM(C4:D4))) | F4: =IF(OR(Applications!A4="",Applications!A4="ID"),"",SUM('Scoring - Rose'!E4,'Scoring - Ali'!E4)) | G4: =IF(OR(OR(Applications!A4="",Applications!A4="ID"),E4=""),"",RANK(E4,$E$2:$E$201))
A5: =IF(OR(Applications!A5="",Applications!A5="ID"),"",Applications!A5) | B5: =IF(OR(Applications!A5="",Applications!A5="ID"),"",Applications!C5) | C5: =IF(OR(Applications!A5="",Applications!A5="ID"),"",'Scoring - Rose'!F5) | D5: =IF(OR(Applications!A5="",Applications!A5="ID"),"",'Scoring - Ali'!F5) | E5: =IF(OR(Applications!A5="",Applications!A5="ID"),"",IF(COUNT(C5:D5)=0,"",SUM(C5:D5))) | F5: =IF(OR(Applications!A5="",Applications!A5="ID"),"",SUM('Scoring - Rose'!E5,'Scoring - Ali'!E5)) | G5: =IF(OR(OR(Applications!A5="",Applications!A5="ID"),E5=""),"",RANK(E5,$E$2:$E$201))
A6: =IF(OR(Applications!A6="",Applications!A6="ID"),"",Applications!A6) | B6: =IF(OR(Applications!A6="",Applications!A6="ID"),"",Applications!C6) | C6: =IF(OR(Applications!A6="",Applications!A6="ID"),"",'Scoring - Rose'!F6) | D6: =IF(OR(Applications!A6="",Applications!A6="ID"),"",'Scoring - Ali'!F6) | E6: =IF(OR(Applications!A6="",Applications!A6="ID"),"",IF(COUNT(C6:D6)=0,"",SUM(C6:D6))) | F6: =IF(OR(Applications!A6="",Applications!A6="ID"),"",SUM('Scoring - Rose'!E6,'Scoring - Ali'!E6)) | G6: =IF(OR(OR(Applications!A6="",Applications!A6="ID"),E6=""),"",RANK(E6,$E$2:$E$201))
A7: =IF(OR(Applications!A7="",Applications!A7="ID"),"",Applications!A7) | B7: =IF(OR(Applications!A7="",Applications!A7="ID"),"",Applications!C7) | C7: =IF(OR(Applications!A7="",Applications!A7="ID"),"",'Scoring - Rose'!F7) | D7: =IF(OR(Applications!A7="",Applications!A7="ID"),"",'Scoring - Ali'!F7) | E7: =IF(OR(Applications!A7="",Applications!A7="ID"),"",IF(COUNT(C7:D7)=0,"",SUM(C7:D7))) | F7: =IF(OR(Applications!A7="",Applications!A7="ID"),"",SUM('Scoring - Rose'!E7,'Scoring - Ali'!E7)) | G7: =IF(OR(OR(Applications!A7="",Applications!A7="ID"),E7=""),"",RANK(E7,$E$2:$E$201))
A8: =IF(OR(Applications!A8="",Applications!A8="ID"),"",Applications!A8) | B8: =IF(OR(Applications!A8="",Applications!A8="ID"),"",Applications!C8) | C8: =IF(OR(Applications!A8="",Applications!A8="ID"),"",'Scoring - Rose'!F8) | D8: =IF(OR(Applications!A8="",Applications!A8="ID"),"",'Scoring - Ali'!F8) | E8: =IF(OR(Applications!A8="",Applications!A8="ID"),"",IF(COUNT(C8:D8)=0,"",SUM(C8:D8))) | F8: =IF(OR(Applications!A8="",Applications!A8="ID"),"",SUM('Scoring - Rose'!E8,'Scoring - Ali'!E8)) | G8: =IF(OR(OR(Applications!A8="",Applications!A8="ID"),E8=""),"",RANK(E8,$E$2:$E$201))
A9: =IF(OR(Applications!A9="",Applications!A9="ID"),"",Applications!A9) | B9: =IF(OR(Applications!A9="",Applications!A9="ID"),"",Applications!C9) | C9: =IF(OR(Applications!A9="",Applications!A9="ID"),"",'Scoring - Rose'!F9) | D9: =IF(OR(Applications!A9="",Applications!A9="ID"),"",'Scoring - Ali'!F9) | E9: =IF(OR(Applications!A9="",Applications!A9="ID"),"",IF(COUNT(C9:D9)=0,"",SUM(C9:D9))) | F9: =IF(OR(Applications!A9="",Applications!A9="ID"),"",SUM('Scoring - Rose'!E9,'Scoring - Ali'!E9)) | G9: =IF(OR(OR(Applications!A9="",Applications!A9="ID"),E9=""),"",RANK(E9,$E$2:$E$201))
A10: =IF(OR(Applications!A10="",Applications!A10="ID"),"",Applications!A10) | B10: =IF(OR(Applications!A10="",Applications!A10="ID"),"",Applications!C10) | C10: =IF(OR(Applications!A10="",Applications!A10="ID"),"",'Scoring - Rose'!F10) | D10: =IF(OR(Applications!A10="",Applications!A10="ID"),"",'Scoring - Ali'!F10) | E10: =IF(OR(Applications!A10="",Applications!A10="ID"),"",IF(COUNT(C10:D10)=0,"",SUM(C10:D10))) | F10: =IF(OR(Applications!A10="",Applications!A10="ID"),"",SUM('Scoring - Rose'!E10,'Scoring - Ali'!E10)) | G10: =IF(OR(OR(Applications!A10="",Applications!A10="ID"),E10=""),"",RANK(E10,$E$2:$E$201))
A11: =IF(OR(Applications!A11="",Applications!A11="ID"),"",Applications!A11) | B11: =IF(OR(Applications!A11="",Applications!A11="ID"),"",Applications!C11) | C11: =IF(OR(Applications!A11="",Applications!A11="ID"),"",'Scoring - Rose'!F11) | D11: =IF(OR(Applications!A11="",Applications!A11="ID"),"",'Scoring - Ali'!F11) | E11: =IF(OR(Applications!A11="",Applications!A11="ID"),"",IF(COUNT(C11:D11)=0,"",SUM(C11:D11))) | F11: =IF(OR(Applications!A11="",Applications!A11="ID"),"",SUM('Scoring - Rose'!E11,'Scoring - Ali'!E11)) | G11: =IF(OR(OR(Applications!A11="",Applications!A11="ID"),E11=""),"",RANK(E11,$E$2:$E$201))
A12: =IF(OR(Applications!A12="",Applications!A12="ID"),"",Applications!A12) | B12: =IF(OR(Applications!A12="",Applications!A12="ID"),"",Applications!C12) | C12: =IF(OR(Applications!A12="",Applications!A12="ID"),"",'Scoring - Rose'!F12) | D12: =IF(OR(Applications!A12="",Applications!A12="ID"),"",'Scoring - Ali'!F12) | E12: =IF(OR(Applications!A12="",Applications!A12="ID"),"",IF(COUNT(C12:D12)=0,"",SUM(C12:D12))) | F12: =IF(OR(Applications!A12="",Applications!A12="ID"),"",SUM('Scoring - Rose'!E12,'Scoring - Ali'!E12)) | G12: =IF(OR(OR(Applications!A12="",Applications!A12="ID"),E12=""),"",RANK(E12,$E$2:$E$201))
A13: =IF(OR(Applications!A13="",Applications!A13="ID"),"",Applications!A13) | B13: =IF(OR(Applications!A13="",Applications!A13="ID"),"",Applications!C13) | C13: =IF(OR(Applications!A13="",Applications!A13="ID"),"",'Scoring - Rose'!F13) | D13: =IF(OR(Applications!A13="",Applications!A13="ID"),"",'Scoring - Ali'!F13) | E13: =IF(OR(Applications!A13="",Applications!A13="ID"),"",IF(COUNT(C13:D13)=0,"",SUM(C13:D13))) | F13: =IF(OR(Applications!A13="",Applications!A13="ID"),"",SUM('Scoring - Rose'!E13,'Scoring - Ali'!E13)) | G13: =IF(OR(OR(Applications!A13="",Applications!A13="ID"),E13=""),"",RANK(E13,$E$2:$E$201))
... A201: =IF(OR(Applications!A201="",Applications!A201="ID"),"",Applications!A201) | B201: =IF(OR(Applications!A201="",Applications!A201="ID"),"",Applications!C201) | C201: =IF(OR(Applications!A201="",Applications!A201="ID"),"",'Scoring - Rose'!F201) | D201: =IF(OR(Applications!A201="",Applications!A201="ID"),"",'Scoring - Ali'!F201) | E201: =IF(OR(Applications!A201="",Applications!A201="ID"),"",IF(COUNT(C201:D201)=0,"",SUM(C201:D201))) | F201: =IF(OR(Applications!A201="",Applications!A201="ID"),"",SUM('Scoring - Rose'!E201,'Scoring - Ali'!E201)) | G201: =IF(OR(OR(Applications!A201="",Applications!A201="ID"),E201=""),"",RANK(E201,$E$2:$E$201))
